Lexeme	WC	Flexion
okay	Interj	(no generation)
oktobari	N	–p, –t
omeletti	N	(no generation)
ooqanngits¦oq	N	–up, –ut
ooqanngitsort¦orpoq	V	–unngilaq
ooqanngitsor¦torpoq	V	{–sunngilaq, –tunngilaq}
ooqattaarine¦q	N	–rup, –rit
ooqattaar¦ineq	N	{–inerup, –sinerup}, {–inerit, –sinerit}
ooqattaarineqarne¦q	N	–rup, –rit
ooqattaar¦ineqarneq	N	{–ineqarnerup, –sineqarnerup}, {–ineqarnerit, –sineqarnerit}
ooqattaar¦isinnaaneq	N	{–isinnaanerup, –sisinnaanerup}, {–isinnaanerit, –sisinnaanerit}
ooqattaar¦isoq	N	{–isup, –sisup}, {–isut, –sisut}
ooqattaar¦ivoq	V	{–inngilaq, –sinngilaq}
ooqattaarneqanngitsoq	N	{ooqattaarneqanngitsup, uuteqattaarneqanngitsup}, {ooqattaarneqanngitsut, uuteqattaarneqanngitsut}
ooqattaarneqanngits¦oq	N	–up, –ut
ooqattaarneqarneq	N	{ooqattaarneqarnerup, uuteqattaarneqarnerup}, {ooqattaarneqarnerit, uuteqattaarneqarnerit}
ooqattaarneqarne¦q	N	–rup, –rit
ooqattaa¦rpaa	V	–nngilaa
ooqattaarpoq	V	{ooqattaanngilaq, uuteqattaanngilaq}
ooqattaa¦rpoq	V	–nngilaq
ooqattaar¦sivoq	V	{–inngilaq, –sinngilaq}
ooqattaarutaanna¦q	N	–ap, –at
ooqattaarutaas¦oq	N	–up, –ut
ooqattaasarfi¦k	N	–up, –it
ooqattaasarne¦q	N	–rup, –rit
ooqattaasa¦rpoq	V	–nngilaq
ooqattaatsiarne¦q	N	–rup, –rit
ooqattaavi¦k	N	–up, –it
ooqattaa¦voq	V	–nngilaq
ooq¦eeq	N	–iip, –iit
ooqeer¦aa	V	–inngilaa
ooqeeriunnaa¦rpaa	V	–nngilaa
ooqqaa¦gaq	N	–kkap, –kkat
ooqqaaju¦voq	V	–nngilaq
ooqqaa¦q	N	–p, –t
ooqqaa¦rpaa	V	–nngilaa
ooqqilluanngilaq	V	(no generation)
ooqqippoq	V	{ooqqinngilaq, uuteqqinngilaq}
ooqqi¦ppoq	V	–nngilaq
ooqqissoq	N	{ooqqissup, ooqqittup, uuteqqissup, uuteqqittup}, {ooqqissut, ooqqittut, uuteqqissut, uuteqqittut}
ooqqiss¦oq	N	–up, –ut
ooqqi¦ssoq	N	{–ssup, –ttup}, {–ssut, –ttut}
ooqqivi¦ppoq	V	–nngilaq
oorlaaju¦voq	V	–nngilaq
oorlaa¦q	N	–p, –t
oorukkiart¦orpaa	V	–unngilaa
oorunne¦q	N	–rup, –rit
oorunnerit	N, pl.	-
ooru¦ppaa	V	–nngilaa
ooru¦ppoq	V	–nngilaq
oqaannaraju¦ppoq	V	–nngilaq
oqaannarne¦q	N	–rup, –rit
oqaannarniut	N	–ip, –it
oqaanna¦rpoq	V	–nngilaq
oqaannars¦orpoq	V	–unngilaq
oqaa¦ppaa	V	–tinngilaa
oqaaqqissaarine¦q	N	–rup, –rit
oqaaqqissaari¦voq	V	–nngilaq
oqaaqqissaa¦rpaa	V	–nngilaa
oqaaqqissaarti¦ppaa	V	–nngilaa
oqaaqqissaarti¦ppoq	V	–nngilaq
oqaaqqissaarut	N	–ip, –it
oqaaqqissaarutig¦aa	V	–inngilaa
oqaarulluinna¦rpoq	V	–nngilaq
oqaarullu¦innarpoq	V	{–innanngilaq, –aannanngilaq}
oqaaru¦ppoq	V	–tinngilaq
oqaasal¦ik	N	{–iup, –lip, –lup}, –lit
oqaasa¦q	N	–p, –t
oqaas¦eeraq	N	{–eeqqap, –iaqqap}, {–eeqqat, –iaqqat}
oqaa¦seq	N	–tsip, –tsit
oqaaseqaat	N	–ip, –it
oqaaseqaateqarfissa¦q	N	–p, –t
oqaaseqaa¦tilersuineq	N	{–sersuinerup, –tilersuinerup}, {–sersuinerit, –tilersuinerit}
oqaaseqanngits¦oq	N	–up, –ut
oqaaseqarfig¦aa	V	–inngilaa
oqaaseqarfigeqquneqa¦rpoq	V	–nngilaq
oqaaseqarfiginerusariaqanngilaq	V	(no generation)
oqaaseqarfigitsiarpaa	V	(no generation)
oqaaseqarne¦q	N	–rup, –rit
oqaaseqarnianngilaq	V	(no generation)
oqaaseqa¦rpoq	V	–nngilaq
oqaaseqarsinnaane¦q	N	–rup, –rit
oqaaseqartart¦oq	N	–up, –ut
oqaaseqartartuus¦oq	N	–up, –ut
oqaaseqartartuutita¦q	N	–p, –t
oqaaseqartita¦q	N	–p, –t
oqaaseqartitta¦gaq	N	–kkap, –kkat
oqaaseqatigiilerine¦q	N	–rup, –rit
oqaa¦seqatigiilerineq	N	{–seqatigiilerinerup, –tileqatigiilerinerup}, {–seqatigiilerinerit, –tileqatigiilerinerit}
oqaaseqatigiileri¦voq	V	–nngilaq
oqaaseqatigiiliorne¦q	N	–rup, –rit
oqaa¦seqatigiiliorneq	N	{–seqatigiiliornerup, –tileqatigiiliornerup}, {–seqatigiiliornerit, –tileqatigiiliornerit}
oqaaseqatigiit	N, pl.	-
oqaa¦seqatigiit	N, pl.	{–seqatigiit, –tileqatigiit}
oqaaser¦aa	V	–inngilaa
oqaaserineqa¦rajuttoq	N	{–kkajuttup, –rajuttup}, {–kkajuttut, –rajuttut}
oqaa¦serineqarajuttoq	N	{–serineqakkajuttup, –serineqarajuttup, –tilerineqakkajuttup, –tilerineqarajuttup}, {–serineqakkajuttut, –serineqarajuttut, –tilerineqakkajuttut, –tilerineqarajuttut}
oqaaserinerlu¦ppaa	V	–nngilaa
oqaaseri¦ppoq	V	–nngilaq
oqaaserisannaa¦q	N	–p, –t
oqaaserisa¦q	N	–p, –t
oqaaserisarta¦gaq	N	–kkap, –kkat
oqaa¦serisartagaq	N	{–serisartakkap, –tilerisartakkap}, {–serisartakkat, –tilerisartakkat}
oqaaserisat	N, pl.	-
oqaaserissaa¦rpoq	V	–nngilaq
oqaa¦serissaarpoq	V	{–serissaanngilaq, –tilerissaanngilaq}
oqaaserluffig¦aa	V	–inngilaa
oqaaserlu¦ppoq	V	–nngilaq
Oqaaserpassualeriffi¦k	N	–up, –it
Oqaaserpassualeriffi¦k	Prop	–up, –it
oqaaserpassualerine¦q	N	–rup, –rit
oqaaserpassualeris¦oq	N	–up, –ut
oqaaserpassual¦ik	N	{–iup, –lip, –lup}, –lit
oqaasersia¦q	N	–p, –t
oqaasersi¦ooq	N	–uup, –uut
oqaasersiuut	N	–ip, –it
oqaasersiuut	N, pl.	-
oqaasersi¦vaa	V	–nngilaa
oqaasertalers¦orpaa	V	–unngilaa
oqaasertalersuine¦q	N	–rup, –rit
oqaasertalersui¦voq	V	–nngilaq
oqaasertaligaanngits¦oq	N	–up, –ut
oqaa¦sertaligaanngitsoq	N	{–sertaligaanngitsup, –tilertaligaanngitsup}, {–sertaligaanngitsut, –tilertaligaanngitsut}
oqaasertaliine¦q	N	–rup, –rit
oqaasertaliussa¦q	N	–p, –t
oqaaserta¦q	N	–p, –t
oqaaserujuit	N, pl.	-
oqaasiinnaas¦oq	N	–up, –ut
oqaasiinnaliorne¦q	N	–rup, –rit
Oqaasileriffi¦k	N	–up, –it
Oqaasileriffi¦k	Prop	–up, –it
oqaasilerine¦q	N	–rup, –rit
Oqaasilerinermut, Atuakkialerinermut Tusagassiuutilerinermullu Immikkoortorta¦q	Prop	–p
oqaasileris¦oq	N	–up, –ut
oqaasilerissu¦siaq	N	{–siap, –tiliap}, {–siat, –tiliat}
oqaasilerissu¦siortoq	N	{–siortup, –tiliortup}, {–siortut, –tiliortut}
oqaasilerissutit	N, pl.	-
oqaasilerisuu¦voq	V	–nngilaq
oqaasileri¦voq	V	–nngilaq
oqaasilia¦q	N	–p, –t
oqaasil¦ik	N	{–iup, –lip, –lup}, –lit
oqaasiliorne¦q	N	–rup, –rit
Oqaasiliortut	N, pl.	-
Oqaasiliortut	Prop, pl.	-
oqaasiliortut	N, pl.	-
oqaasiliuutissat	N	–ip, –it
oqaasinnaa¦q	N	–p, –t
oqaasinng¦orpaa	V	–unngilaa
oqaasinngorti¦ppaa	V	–nngilaa
oqaasinnguussimas¦oq	N	–up, –ut
oqaasipalaa¦q	N	–p, –t
oqaasipalaat	N, pl.	-
oqaasipiluffigiti¦ppoq	V	–nngilaq
oqaa¦sipiluffigitippoq	V	{–sipiluffigitinngilaq, –tilipiluffigitinngilaq}
oqaasipilu¦k	N	–up, –it
oqaasipiluliorfig¦aa	V	–inngilaa
oqaasipilulissu¦uvoq	V	{–aanngilaq, –unngilaq}
oqaasipilunne¦q	N	–rup, –rit
oqaa¦sipilunneq	N	{–sipilunnerup, –tilipilunnerup}, {–sipilunnerit, –tilipilunnerit}
oqaasipilu¦ppoq	V	–nngilaq
oqaa¦sipiluppoq	V	{–sipilunngilaq, –tilipilunngilaq}
oqaasipilussaa¦rpoq	V	–nngilaq
oqaasipilussu¦aq	N	–up, –it
oqaasipiluttua¦rpoq	V	–nngilaq
oqaasipiluu¦ppaa	V	–tinngilaa
oqaasipiluussine¦q	N	–rup, –rit
oqaasipiluussi¦voq	V	–nngilaq
oqaasipiluut	N	–ip, –it
oqaasissaaru¦ppoq	V	–tinngilaq
oqaasissa¦q	N	–p, –t
oqaasissaqarfig¦aa	V	–inngilaa
oqaasissaqarfiginngilaa	V	(no generation)
oqaasissaqarfiginnitt¦oq	N	–up, –ut
oqaasissaqarluart¦oq	N	–up, –ut
oqaasissaqarne¦q	N	–rup, –rit
oqaasissaqarpianngilaq	V	(no generation)
oqaasissaqa¦rpoq	V	–nngilaq
oqaasissaqartitaane¦q	N	–rup, –rit
oqaasissaqartitaanerus¦oq	N	–up, –ut
oqaasissaqartitaas¦oq	N	–up, –ut
oqaasissaqart¦oq	N	–up, –ut
oqaasissaqartuune¦q	N	–rup, –rit
oqaasissaqartuunerus¦oq	N	–up, –ut
oqaasissarsiorne¦q	N	–rup, –rit
oqaasissiorneqa¦rpoq	V	–nngilaq
oqaasiss¦iorneqarpoq	V	{–aliorneqanngilaq, –iorneqanngilaq}
oqaasissi¦orpaa	V	–unngilaa
oqaasissiui¦voq	V	–nngilaq
oqaasitoqaas¦oq	N	–up, –ut
oqaasiusart¦oq	N	–up, –ut
oqaa¦siusartoq	N	{–siusartup, –tiliusartup}, {–siusartut, –tiliusartut}
oqaassaanngilaq	V	(no generation)
oqaassi¦voq	V	–nngilaq
oqaassut	N	–ip, –it
oqaassutig¦aa	V	–inngilaa
oqaatig¦aa	V	–inngilaa
oqaatigeqqunngisa¦q	N	–p, –t
oqaatigiinna¦gaq	N	–kkap, –kkat
oqaatigineqanngits¦oq	N	–up, –ut
oqa¦atigineqanngitsoq	N	{–atigineqanngitsup, –jutigineqanngitsup}, {–atigineqanngitsut, –jutigineqanngitsut}
oqaatiginerlu¦ppaa	V	–nngilaa
oqaatiginneriaa¦seq	N	–tsip, –tsit
oqaatiginni¦ppoq	V	–nngilaq
oqaatiginnitt¦oq	N	–up, –ut
oqaatigisaane¦q	N	–rup, –rit
oqaatigisaas¦oq	N	–up, –ut
oqaatigisa¦q	N	–p, –t
oqaatigisassaanngits¦oq	N	–up, –ut
oqaatigis¦oorpaa	V	–uunngilaa
oqaatigitsiarpaa	V	(no generation)
oqaatilliis¦oq	N	–up, –ut
oqaatillii¦voq	V	–nngilaq
oqaatissuaane¦q	N	–rup, –rit
oqaatissuaas¦oq	N	–up, –ut
oqaatissuaa¦voq	V	–nngilaq
oqaatissua¦rpaa	V	–nngilaa
oqaatsart¦orpaa	V	–unngilaa
oqaatseria¦rpoq	V	–nngilaq
oqaatseriart¦oq	N	–up, –ut
oqaat¦seriartoq	N	{–iteriartup, –seriartup}, {–iteriartut, –seriartut}
oqaatseriilli¦voq	V	–nngilaq
oqaatserii¦ppoq	V	–nngilaq
oqaatseriissu¦seq	N	–tsip, –tsit
oqaat¦seriissuseq	N	{–iteriissutsip, –seriissutsip}, {–iteriissutsit, –seriissutsit}
oqaatseriits¦oq	N	–up, –ut
oqaatserii¦tsoq	N	{–ssup, –tsup, –ttup}, {–ssut, –tsut, –ttut}
oqaatserit¦ooq	N	–uup, –uut
oqaatserituallaaqaaq	V	(no generation)
oqaatseri¦voq	V	–nngilaq
Oqaatsit	N, pl.	-
oqaatsit	N, pl.	-
Oqaatsit minutsimut	Prop	–ip
oqaats¦oq	N	–up, –ut
oqaatsornia¦rpoq	V	–nngilaq
oqaatsua¦q	N	–p, –t
oqaatsueru¦ppoq	V	–tinngilaq
oqaatsunuka¦rpoq	V	–nngilaq
Oqaatsut	N, pl.	-
Oqaatsut	Prop, pl.	-
oqaatsuusa¦q	N	–p, –t
oqajamaa¦q	N	–p, –t
oqajamaas¦oq	N	–up, –ut
oqajamaassu¦seq	N	–tsip, –tsit
oqajamaa¦voq	V	–nngilaq
oqajuerne¦q	N	–rup, –rit
oqaju¦erpoq	V	–inngilaq
oqajuer¦soq	N	{–sup, –tup}, {–sut, –tut}
oqajuissu¦seq	N	–tsip, –tsit
oqajuits¦oq	N	–up, –ut
oqaki¦ppoq	V	–nngilaq
oqakivi¦ppoq	V	–nngilaq
oqallatsiarne¦q	N	–rup, –rit
oqallatsia¦rpoq	V	–nngilaq
oqallatsiarta¦rpoq	V	–nngilaq
oqallattaal¦erpoq	V	–inngilaq
oqallattaa¦rpoq	V	–nngilaq
oqalliffi¦k	N	–up, –it
oqalliffissaanngilaq	V	(no generation)
oqallinne¦q	N	–rup, –rit
oqallippalunne¦q	N	–rup, –rit
oqallisaa	N	–p, –t
oqallisaajua¦rpoq	V	–nngilaq
oqallisaajunnaa¦rpoq	V	–nngilaq
oqallisaa¦voq	V	–nngilaq
oqalliseqataas¦oq	N	–up, –ut
oqalliseriaa¦seq	N	–tsip, –tsit
oqallisig¦aa	V	–inngilaa
oqallisigeqqusaanngits¦oq	N	–up, –ut
oqallisigineqangaart¦oq	N	–up, –ut
oqallisigineqart¦oq	N	–up, –ut
oqallisigingaalerpaa	V	(no generation)
oqallisiginneqqaarne¦q	N	–rup, –rit
oqallisiginnikkusunnginne¦q	N	–rup, –rit
oqallisiginni¦ppoq	V	–nngilaq
oqallisiginnitt¦oq	N	–up, –ut
oqallisiginni¦ttoq	N	{–ssup, –ttup}, {–ssut, –ttut}
oqallisigiua¦rpaa	V	–nngilaa
oqallisigiunnaa¦rpaa	V	–nngilaa
oqallisissaanngilaq	V	(no generation)
oqallisissia¦q	N	–p, –t
oqallissaarisart¦oq	N	–up, –ut
oqallissaari¦voq	V	–nngilaq
oqallissaarut	N	–ip, –it
oqallissaaruteqarne¦q	N	–rup, –rit
oqallissutig¦aa	V	–inngilaa
oqallit	N, pl.	-
oqallittarfi¦k	N	–up, –it
oqalloringaa¦rpoq	V	–nngilaq
oqallorippallaanngilaq	V	(no generation)
oqallori¦ppoq	V	–nngilaq
oqallorissaa¦rpoq	V	–nngilaq
oqallorissaas¦oq	N	–up, –ut
oqallori¦ssaat	N	{–ssaatip, –ttaatip}, {–ssaatit, –ttaatit}
oqallorissarne¦q	N	–rup, –rit
oqallori¦ssarneq	N	{–ssarnerup, –ttarnerup}, {–ssarnerit, –ttarnerit}
oqallorissi¦voq	V	–nngilaq
oqallori¦ssoq	N	{–ssup, –ttup}, {–ssut, –ttut}
oqallorissorsuu¦voq	V	–nngilaq
oqallori¦ssorsuuvoq	V	{–ssorsuaanngilaq, –ssorsuunngilaq, –ttorsuaanngilaq, –ttorsuunngilaq}
oqallorissu¦seq	N	–tsip, –tsit
oqalloriusa¦q	N	–p, –t
oqallorlu¦ppoq	V	–nngilaq
oqallorluttuu¦voq	V	–nngilaq
oqallort¦ooq	N	–uup, –uut
oqallortunersaa¦voq	V	–nngilaq
oqallortu¦voq	V	–nngilaq
oqalluki¦ppoq	V	–nngilaq
oqallukitsuunngilaq	V	(no generation)
oqallutsippallaa¦rpoq	V	–nngilaq
oqallutsissutig¦aa	V	–inngilaa
oqaloqateqarne¦q	N	–rup, –rit
oqaloqateqa¦rpoq	V	–nngilaq
oqaloqatig¦aa	V	–inngilaa
oqaloqatigeerujoorne¦q	N	–rup, –rit
oqaloqatigiinne¦q	N	–rup, –rit
oqaloqatigiinnerit	N, pl.	-
oqaloqatigiissuteqarne¦q	N	–rup, –rit
oqaloqatigiissutig¦aa	V	–inngilaa
oqaloqatigiissutissaa¦voq	V	–nngilaq
oqaloqatigiissutissa¦q	N	–p, –t
oqaloqatigiissutit	N, pl.	-
oqaloqatigiitsiarne¦q	N	–rup, –rit
oqaloqatigineqarsinnaas¦oq	N	–up, –ut
oqaloqatiginninne¦q	N	–rup, –rit
oqaloqatiginni¦ppoq	V	–nngilaq
oqaloqatiginnitsitaas¦oq	N	–up, –ut
oqaloqatigiuminart¦oq	N	–up, –ut
oqaloqatikkuminart¦oq	N	–up, –ut
oqaloqqi¦ppoq	V	–nngilaq
oqalorujoorpoq	V	(no generation)
oqalorujuffig¦aa	V	–inngilaa
oqalorujukkajuppoq	V	(no generation)
oqalorujul¦erpoq	V	–inngilaq
oqalorujunne¦q	N	–rup, –rit
oqaloruju¦ppoq	V	–nngilaq
oqalorujuttaanna¦rpoq	V	–nngilaq
oqalorujuunne¦q	N	–rup, –rit
oqalorujuu¦ppaa	V	–tinngilaa
oqalorujuussine¦q	N	–rup, –rit
oqalorujuussi¦voq	V	–nngilaq
oqalorujuut	N	–ip, –it
oqalorusaarne¦q	N	–rup, –rit
oqalorusaa¦rpoq	V	–nngilaq
oqalorussaa¦ppaa	V	–tinngilaa
oqalorussa¦rpoq	V	–nngilaq
oqaloruusa¦rpoq	V	–nngilaq
oqaluagaju¦ppoq	V	–nngilaq
oqalualaa¦q	N	–p, –t
oqalualaaqaqaaq	V	(no generation)
oqalualaar¦aa	V	–inngilaa
oqalualaa¦rpoq	V	–nngilaq
oqalualaarsi¦orpaa	V	–unngilaa
oqalualaarut	N	–ip, –it
oqalualuffig¦aa	V	–inngilaa
oqalualunne¦q	N	–rup, –rit
oqalualuppalu¦k	N	–up, –it
oqalualu¦ppoq	V	–nngilaq
oqaluarpalu¦k	N	–up, –it
oqaluarpalu¦ppoq	V	–nngilaq
oqaluasaal¦ik	N	{–iup, –lip, –lup}, –lit
oqaluasaa¦q	N	–p, –t
oqaluasaa¦rpoq	V	–nngilaq
oqaluatsiia¦q	N	–p, –t
oqalua¦voq	V	–nngilaq
oqaluffig¦aa	V	–inngilaa
oqaluffigaaq	V	(no generation)
oqaluffi¦k	N	–up, –it
oqaluffik¦oq	N	–up, –ut
oqaluffissaa¦q	N	–p, –t
oqaluffissaarsu¦aq	N	–up, –it
oqaluffitoq¦aq	N	–qap, –qat
oqaluffittaa¦q	N	–p, –t
oqalugiaat	N	–ip, –it
oqalugiarfi¦k	N	–up, –it
oqalugiarne¦q	N	–rup, –rit
oqalugia¦rpoq	V	–nngilaq
oqalugiartart¦oq	N	–up, –ut
oqalugiarti¦ppaa	V	–nngilaa
oqalugiartitsi¦voq	V	–nngilaq
oqalugiart¦oq	N	–up, –ut
oqaluinnarne¦q	N	–rup, –rit
oqaluinnarniut	N	–ip, –it
oqaluinna¦rpoq	V	–nngilaq
oqalukkumat¦ooq	N	–uup, –uut
oqalukuluffig¦aa	V	–inngilaa
oqalukulu¦ppoq	V	–nngilaq
oqalul¦erpoq	V	–inngilaq
oqalulersi¦ppaa	V	–nngilaa
oqalulinnguaraluarpoq	V	(no generation)
oqalullaqqi¦ppoq	V	–nngilaq
oqalullaqqiss¦oq	N	–up, –ut
oqalullaqqi¦ssoq	N	{–ssup, –ttup}, {–ssut, –ttut}
oqalullaqqissu¦seq	N	–tsip, –tsit
oqalullaqqissuunngilaq	V	(no generation)
oqalulla¦rpoq	V	–nngilaq
oqalulluarsinnaanngits¦oq	N	–up, –ut
oqalungus¦erpoq	V	–inngilaq
oqalungusiaat	N	–ip, –it
oqalungusiallaqqi¦ppoq	V	–nngilaq
oqalungusia¦rpoq	V	–nngilaq
oqalungusiut	N	–ip, –it
oqalungussarne¦q	N	–rup, –rit
oqalungussa¦rpoq	V	–nngilaq
oqalunne¦q	N	–rup, –rit
oqalunnerul¦erpoq	V	–inngilaq
oqalunnguatsiaraluarpoq	V	(no generation)
oqalupiluffig¦aa	V	–inngilaa
oqalupi¦luffigaa	V	{–luffiginngilaa, –piluffiginngilaa}
oqalupilukkajuppoq	V	(no generation)
oqalupilu¦ppoq	V	–nngilaq
oqaluppalaanngu¦aq	N	–up, –it
oqaluppalaa¦q	N	–p, –t
oqaluppalaar¦aa	V	–inngilaa
oqaluppalaarisa¦q	N	–p, –t
oqaluppalaarniartorujussu¦aq	N	–up, –it
oqaluppalaa¦rpoq	V	–nngilaq
oqaluppallaaqaaq	V	(no generation)
oqaluppallaarne¦q	N	–rup, –rit
oqaluppallaarnersu¦aq	N	–up, –it
oqaluppallaa¦rpoq	V	–nngilaq
oqaluppallaartaqaaq	V	(no generation)
oqalu¦ppoq	V	–nngilaq
oqalussinnaajunnaarne¦q	N	–rup, –rit
oqalussinnaane¦q	N	–rup, –rit
oqalussinnaanng¦orpoq	V	–unngilaq
oqalussinnaanngorti¦ppaa	V	–nngilaa
oqalussinnaas¦oq	N	–up, –ut
oqalussinnaa¦voq	V	–nngilaq
oqalutseqarne¦q	N	–rup, –rit
oqalutsi	N	–p, –t
oqalutsig¦aa	V	–inngilaa
oqalutsigisa¦q	N	–p, –t
oqalutsiu¦voq	V	–nngilaq
oqaluttaagalu¦aq	N	–up, –it
oqaluttaane¦q	N	–rup, –rit
oqaluttaa¦seq	N	–tsip, –tsit
oqaluttaat	N	–ip, –it
oqaluttaa¦voq	V	–nngilaq
oqaluttarfi¦k	N	–up, –it
oqaluttarne¦q	N	–rup, –rit
oqalutta¦rpoq	V	–nngilaq
oqaluttart¦oq	N	–up, –ut
oqalutt¦oq	N	–up, –ut
oqaluttorujussuanng¦orpoq	V	–unngilaq
oqaluttuaanna¦rpoq	V	–nngilaq
oqaluttuaaralia¦q	N	–p, –t
oqaluttuaas¦oq	N	–up, –ut
oqaluttuaateqarne¦q	N	–rup, –rit
oqaluttualeqqaarpoq	V	(no generation)
oqaluttualerit¦ooq	N	–uup, –uut
oqaluttual¦erpoq	V	–inngilaq
oqaluttualia¦q	N	–p, –t
oqaluttualiat	N, pl.	-
oqaluttualiorne¦q	N	–rup, –rit
oqaluttualiortart¦oq	N	–up, –ut
oqaluttualiort¦oq	N	–up, –ut
oqaluttualiullaqqi¦ppoq	V	–nngilaq
oqaluttuallaqqi¦ppoq	V	–nngilaq
oqaluttuallaqqissu¦seq	N	–tsip, –tsit
oqaluttua¦q	N	–p, –t
oqaluttuar¦aa	V	–inngilaa
oqaluttuareqqiine¦q	N	–rup, –rit
oqaluttuareqqi¦ppaa	V	–nngilaa
oqaluttuareqqita¦q	N	–p, –t
oqaluttuarfig¦aa	V	–inngilaa
oqaluttuariaa¦seq	N	–tsip, –tsit
oqaluttuarineqa¦rpoq	V	–nngilaq
oqaluttuarineqarsinnaanngits¦oq	N	–up, –ut
oqaluttuarinninne¦q	N	–rup, –rit
oqaluttuarinnissinnaassu¦seq	N	–tsip, –tsit
oqaluttuarisaane¦q	N	–rup, –rit
oqaluttuarissa¦vaa	V	–nngilaa
oqaluttuarne¦q	N	–rup, –rit
oqaluttuarpalaart¦oq	N	–up, –ut
oqaluttua¦rpoq	V	–nngilaq
oqaluttuarsinnaassu¦seq	N	–tsip, –tsit
oqaluttuartart¦oq	N	–up, –ut
oqaluttuart¦oq	N	–up, –ut
oqaluttuaruju¦k	N	–up, –it
oqaluttuarumat¦ooq	N	–uup, –uut
oqaluttuassarsi¦orpoq	V	–unngilaq
oqaluttuat	N, pl.	-
Oqaluttuat Ilumoortut	Prop	–-ip
oqaluttuatoq¦aq	N	{–qap, –ap}, {–qat, –at}
oqaluttuatoqqat	N, pl.	-
oqaluttuu¦ppaa	V	–tinngilaa
oqaluttuussi¦voq	V	–nngilaq
oqaluukkuminaa¦ppoq	V	–nngilaq
oqaluukkumina¦rpoq	V	–nngilaq
oqaluukkuminart¦oq	N	–up, –ut
oqaluummari¦ppoq	V	–nngilaq
oqaluu¦ppaa	V	–tinngilaa
oqaluuppoq	V	(no generation)
oqaluusaa¦voq	V	–nngilaq
oqaluu¦seq	N	–tsip, –tsit
oqaluuser¦aa	V	–inngilaa
oqaluusereqqi¦ppaa	V	–nngilaa
oqaluuserineqaler¦sippaa	V	{–sinngilaa, –tinngilaa}
oqaluu¦serineqalersippaa	V	{–serineqalersinngilaa, –serineqalertinngilaa, –tilerineqalersinngilaa, –tilerineqalertinngilaa}
oqaluuserineqanngits¦oq	N	–up, –ut
oqaluu¦serineqanngitsoq	N	{–serineqanngitsup, –tilerineqanngitsup}, {–serineqanngitsut, –tilerineqanngitsut}
oqaluuserineqart¦oq	N	–up, –ut
oqaluu¦serineqartoq	N	{–serineqartup, –tilerineqartup}, {–serineqartut, –tilerineqartut}
oqaluuserinngivippaa	V	(no generation)
oqaluuserinni¦ppoq	V	–nngilaq
oqaluuserisa¦q	N	–p, –t
oqaluuserisassa¦q	N	–p, –t
oqaluuserisassat	N, pl.	-
oqaluusissi¦orpoq	V	–unngilaq
oqaluusiss¦iorpoq	V	{–aliunngilaq, –iunngilaq}
oqaluusiu¦voq	V	–nngilaq
oqaluussaanngilaq	V	(no generation)
oqaluussa¦q	N	–p, –t
oqaluussassaanngilaq	V	(no generation)
oqaluussiartortikkuma¦vaa	V	–nngilaa
oqaluussine¦q	N	–rup, –rit
oqaluussinerit	N, pl.	-
oqaluussisart¦oq	N	–up, –ut
oqaluussis¦oq	N	–up, –ut
oqaluussissut	N	–ip, –it
oqaluussi¦ssut	N, pl.	{–ssut, –ttut}
oqaluussissutig¦aa	V	–inngilaa
oqaluussi¦voq	V	–nngilaq
oqaluusuunngilaq	V	(no generation)
oqaluut	N	–ip, –it
oqaluutaasa¦q	N	–p, –t
oqaluutaassut	N	–ip, –it
oqaluutaa¦voq	V	–nngilaq
oqaluuteqarfi¦k	N	–up, –it
oqaluutig¦aa	V	–inngilaa
oqaluutinngorti¦ppaa	V	–nngilaa
oqaluutita¦q	N	–p, –t
oqaluu¦voq	V	–nngilaq
oqamisaa¦rpoq	V	–nngilaq
oqami¦voq	V	–nngilaq
oqanngikkalua¦rpoq	V	–nngilaq
oqanngisaanna¦rpoq	V	–nngilaq
oqa¦pallappoq	V	{–pallanngilaq, –rpallanngilaq}
oqa¦pallattarpoq	V	{–pallattanngilaq, –rpallattanngilaq}
oqapil¦oorpoq	V	–uunngilaq
oqapiluffig¦aa	V	–inngilaa
oqa¦piluffigaa	V	{–piluffiginngilaa, –ripiluffiginngilaa}
oqapilu¦ppoq	V	–nngilaq
oq¦aq	N	{–ap, –qap}, {–at, –qat}
oqaqqaa¦rpoq	V	–nngilaq
oqaqqaartuu¦voq	V	–nngilaq
oqaqqarniut	N	–ip, –it
oqaqqusaannginne¦q	N	–rup, –rit
oqar¦aa	V	–inngilaa
oqaraanngilaq	V	(no generation)
oqaraluanngilaq	V	(no generation)
oqarasuaat	N	–ip, –it
oqarasuaateqarfi¦k	N	–up, –it
oqarasuaa¦tilerisoq	N	{–serisup, –tilerisup}, {–serisut, –tilerisut}
oqarasuarfig¦aa	V	–inngilaa
oqarasuarne¦q	N	–rup, –rit
oqarasua¦rpoq	V	–nngilaq
oqarasuartaat	N	–ip, –it
oqarasuartarfi¦k	N	–up, –it
oqarataarajuppoq	V	(no generation)
oqarataa¦rpoq	V	–nngilaq
oqarataartaanna¦rpoq	V	–nngilaq
oqarataart¦oq	N	–up, –ut
oqarataassu¦seq	N	–tsip, –tsit
oqarfig¦aa	V	–inngilaa
oqarfigaaq	V	(no generation)
oqarfigeqqi¦ppaa	V	–nngilaa
oqarfigerul¦oorpaa	V	–uunngilaa
oqarfigineqa¦rpoq	V	–nngilaq
oqarfiginninne¦q	N	–rup, –rit
oqarfigipil¦oorpaa	V	–uunngilaa
oqarfigipiluui¦voq	V	–nngilaq
oqariaa¦seq	N	–tsip, –tsit
oqariarne¦q	N	–rup, –rit
oqariartaa¦seq	N	–tsip, –tsit
oqariartaasinnaa¦q	N	–p, –t
oqariartorfig¦aa	V	–inngilaa
oqariart¦orpoq	V	–unngilaq
oqariartortitsi¦vigaa	V	{–ffiginngilaa, –viginngilaa}
oqariartort¦oq	N	–up, –ut
oqariartuu¦ppaa	V	–tinngilaa
oqariartuussi¦voq	V	–nngilaq
oqariartuut	N	–ip, –it
oqariartuutaa¦voq	V	–nngilaq
oqariartuutig¦aa	V	–inngilaa
oqariasaa¦rpoq	V	–nngilaq
oqaria¦saarpoq	V	{–saanngilaq, –taanngilaq}
oqariataallaqqiss¦oq	N	–up, –ut
oqariataallaqqi¦ssoq	N	{–ssup, –ttup}, {–ssut, –ttut}
oqaria¦taallaqqissoq	N	{–saallaqqissup, –saallaqqittup, –taallaqqissup, –taallaqqittup}, {–saallaqqissut, –saallaqqittut, –taallaqqissut, –taallaqqittut}
oqariataallaqqissu¦seq	N	–tsip, –tsit
oqaria¦taallaqqissuseq	N	{–saallaqqissutsip, –taallaqqissutsip}, {–saallaqqissutsit, –taallaqqissutsit}
oqariataarne¦q	N	–rup, –rit
oqaria¦taarneq	N	{–saarnerup, –taarnerup}, {–saarnerit, –taarnerit}
oqariataa¦rpoq	V	–nngilaq
oqaria¦taarpoq	V	{–saanngilaq, –taanngilaq}
oqariataartart¦oq	N	–up, –ut
oqaria¦taartartoq	N	{–saartartup, –taartartup}, {–saartartut, –taartartut}
oqariataartartuu¦voq	V	–nngilaq
oqaria¦taartartuuvoq	V	{–saartartuunngilaq, –taartartuunngilaq}
oqarissaa¦rpoq	V	–nngilaq
oqarlua¦rpoq	V	–nngilaq
oqarmiu	N	–p, –t
oqarne¦q	N	–rup, –rit
oqarneraane¦q	N	–rup, –rit
oqarnikkumatu¦voq	V	–nngilaq
oqarni¦ppoq	V	–nngilaq
oqarpalla¦ppoq	V	–nngilaq
oqa¦rpallappoq	V	{–pallanngilaq, –rpallanngilaq}
oqarpallatta¦rpoq	V	–nngilaq
oqa¦rpallattarpoq	V	{–pallattanngilaq, –rpallattanngilaq}
oqa¦rpoq	V	–nngilaq
oqarsaarine¦q	N	–rup, –rit
oqarsaa¦rpaa	V	–nngilaa
oqarsii¦vaa	V	–nngilaa
oqarsinnaat	N, pl.	-
oqarsorfig¦aa	V	–inngilaa
oqar¦sorfigaa	V	{–sorfiginngilaa, –torfiginngilaa}
oqars¦orpoq	V	–unngilaq
oqar¦sorpoq	V	{–sunngilaq, –tunngilaq}
oqartarinngilaq	V	(no generation)
oqartarne¦q	N	–rup, –rit
oqartoorne¦q	N	–rup, –rit
oqart¦oorpoq	V	–uunngilaq
oqartoqanngilaq	V	(no generation)
oqartussaaffeqarfi¦k	N	–up, –it
oqartussaaffig¦aa	V	–inngilaa
oqartussaaffi¦k	N	–up, –it
oqartussaaqataalerne¦q	N	–rup, –rit
oqar¦tussaaqataalerneq	N	{–tussaaqataalernerup, –sussaaqataalernerup}, {–tussaaqataalernerit, –sussaaqataalernerit}
oqartussaaqataane¦q	N	–rup, –rit
oqar¦tussaaqataaneq	N	{–tussaaqataanerup, –sussaaqataanerup}, {–tussaaqataanerit, –sussaaqataanerit}
oqartussaas¦oq	N	–up, –ut
oqartussaasoqarfi¦k	N	–up, –it
oqartussaassuseqarne¦q	N	–rup, –rit
oqar¦tussaassuseqarneq	N	{–tussaassuseqarnerup, –sussaassuseqarnerup}, {–tussaassuseqarnerit, –sussaassuseqarnerit}
oqartussaasut	N, pl.	-
oqartussaatitaas¦oq	N	–up, –ut
oqartussaatita¦q	N	–p, –t
oqartussaavinne¦q	N	–rup, –rit
oqar¦tussaavinneq	N	{–tussaavinnerup, –sussaavinnerup}, {–tussaavinnerit, –sussaavinnerit}
oqartussaa¦voq	V	–nngilaq
oqartussaqarfi¦k	N	–up, –it
oqartussat	N, pl.	-
oqartussatuaaniart¦oq	N	–up, –ut
oqarumarpianngits¦oq	N	–up, –ut
oqaruserajuppoq	V	(no generation)
oqaruserfig¦aa	V	–inngilaa
oqaruserne¦q	N	–rup, –rit
oqarus¦erpoq	V	–inngilaq
oqarusiut	N	–ip, –it
oqarusiutaa¦voq	V	–nngilaq
oqarusiutig¦aa	V	–inngilaa
oqarusu¦ppoq	V	–nngilaq
oqasisa¦rpoq	V	–nngilaq
oqasisartaanna¦rpoq	V	–nngilaq
oqasissa¦q	N	–p, –t
oqassaanngilaq	V	(no generation)
oqassaanngissu¦seq	N	–tsip, –tsit
oqassaanngits¦oq	N	–up, –ut
oqassarl¦erpoq	V	–inngilaq
oqassarlersi¦ppaa	V	–nngilaa
oqassarliu¦ppaa	V	–tinngilaa
oqassatanngueru¦ppoq	V	–tinngilaq
oqatsiaat	N	–ip, –it
oqatsiaat	N, pl.	-
oqatsiaatig¦aa	V	–inngilaa
oqatsiarne¦q	N	–rup, –rit
oqatsiarpoq	V	(no generation)
oqersa¦rpoq	V	–nngilaq
oqig¦aa	V	–inngilaa
oqiginni¦ppoq	V	–nngilaq
oqigis¦oorpaa	V	–uunngilaa
oqigivi¦ppaa	V	–nngilaa
oqilaalli¦voq	V	–nngilaq
oqilaalu¦k	N	–up, –it
oqilaa¦ppoq	V	{–nngilaq, –tinngilaq}
oqilaaqaaq	V	(no generation)
oqilaneqqisaanne¦q	N	–rup, –rit
oqilanerul¦erpoq	V	–inngilaq
oqilasaa¦rpoq	V	–nngilaq
oqilas¦ooq	N	–uup, –uut
oqila¦sooq	N	{–suup, –tuup}, {–suut, –tuut}
oqilavallaanngilaq	V	(no generation)
oqilavi¦ppoq	V	–nngilaq
oqila¦voq	V	–nngilaq
oqilialla¦ppoq	V	–nngilaq
oqiliallassimas¦oq	N	–up, –ut
oqiliart¦orpoq	V	–unngilaq
oqiline¦q	N	–rup, –rit
oqilisaaffigineqa¦rpoq	V	–nngilaq
oqilisaaffigisa¦q	N	–p, –t
oqilisaane¦q	N	–rup, –rit
oqilisaanneqarne¦q	N	–rup, –rit
oqilisaa¦ppaa	V	–tinngilaa
oqilisaassine¦q	N	–rup, –rit
oqilisaassinertal¦ik	N	{–iup, –lip, –lup}, –lit
oqilisaassissut	N	–ip, –it
oqilisaassissut	N, pl.	-
oqilisaassi¦voq	V	–nngilaq
oqili¦sippaa	V	{–sinngilaa, –tinngilaa}
oqilissut	N	–ip, –it
oqili¦vaa	V	–nngilaa
oqili¦voq	V	–nngilaq
oqilla¦ppoq	V	–nngilaq
oqillassa¦rpaa	V	–nngilaa
oqillassa¦rpoq	V	–nngilaq
oqillassimaarpoq	V	(no generation)
oqillatsi¦ppoq	V	–nngilaq
oqillisi¦ppaa	V	–nngilaa
oqilli¦voq	V	–nngilaq
oqilluaari¦ppoq	V	–nngilaq
oqilluaarissi¦voq	V	–nngilaq
oqiluallag¦aa	V	–inngilaa
oqilualla¦ppoq	V	–nngilaq
oqimaag¦aa	V	–inngilaa
oqimaaginni¦ppoq	V	–nngilaq
oqimaagis¦oorpaa	V	–uunngilaa
oqimaalline¦q	N	–rup, –rit
oqimaallisi¦ppaa	V	–nngilaa
oqimaalli¦voq	V	–nngilaq
oqimaaloqut¦aq	N	{–ap, –tap}, {–at, –tat}
oqimaalutaane¦q	N	–rup, –rit
oqimaalutaaqqinne¦q	N	–rup, –rit
oqimaalutaaqqissaarne¦q	N	–rup, –rit
oqimaalutaasarfi¦k	N	–up, –it
oqimaalutaasart¦oq	N	–up, –ut
oqimaalutaat	N	–ip, –it
oqimaalutaavi¦k	N	–up, –it
oqimaalutaa¦vik	N	{–ffiup, –viup}, {–ffiit, –viit}
oqimaalutaa¦voq	V	–nngilaq
oqimaalut¦aq	N	{–ap, –tap}, {–at, –tat}
oqimaaluta¦rpaa	V	–nngilaa
oqimaalut¦serpaa	V	{–alinngilaa, –sinngilaa}
oqimaalut¦siivoq	V	{–aliinngilaq, –siinngilaq}
oqimaanaa¦rpaa	V	–nngilaa
oqimaannerus¦oq	N	–up, –ut
oqimaannerussu¦seq	N	–tsip, –tsit
oqimaappallaarne¦q	N	–rup, –rit
oqimaappallaarsor¦aa	V	–inngilaa
oqimaappallaart¦oq	N	–up, –ut
oqimaappalutt¦oq	N	–up, –ut
oqimaa¦ppoq	V	–nngilaq
oqimaaqatigiinne¦q	N	–rup, –rit
oqimaaqatigiinnginne¦q	N	–rup, –rit
oqimaaqatigiissaarine¦q	N	–rup, –rit
oqimaaqatigiissaari¦voq	V	–nngilaq
oqimaaqatigiissa¦rpaa	V	–nngilaa
oqimaaqatigii¦ssitsineq	N	{–ssitsinerup, –tsitsinerup}, {–ssitsinerit, –tsitsinerit}
oqimaaqatigiissu¦seq	N	–tsip, –tsit
oqimaassu¦seq	N	–tsip, –tsit
oqimaassuseqart¦oq	N	–up, –ut
oqimaassusiugajunnerus¦oq	N	–up, –ut
oqimaats¦oq	N	–up, –ut
oqimaatsorsi¦orpoq	V	–unngilaq
oqimaatsorsiorti¦ppaa	V	–nngilaa
oqimaatsorsu¦aq	N	–up, –it
oqimaatsuu¦voq	V	–nngilaq
oqimangerajuppoq	V	(no generation)
oqimangerne¦q	N	–rup, –rit
oqimang¦erpoq	V	–inngilaq
oqimangiui¦ppoq	V	–nngilaq
oqimangiut	N	–ip, –it
oqimangiutaa¦voq	V	–nngilaq
oqimangiutig¦aa	V	–inngilaa
oqinaa¦rpaa	V	–nngilaa
oqinaarsi¦voq	V	–nngilaq
oqinaar¦sivoq	V	{–inngilaq, –sinngilaq}
oqinaavi¦ppaa	V	–nngilaa
oqinnersa¦q	N	–p, –t
oqinnerul¦erpoq	V	–inngilaq
oqinneruler¦sippaa	V	{–sinngilaa, –tinngilaa}
oqinnerus¦oq	N	–up, –ut
oqinnerusunngorti¦ppaa	V	–nngilaa
oqinninngu¦aq	N	–up, –it
oqippallaarsor¦aa	V	–inngilaa
oqi¦ppoq	V	–nngilaq
oqissu¦seq	N	–tsip, –tsit
oqi¦tsoq	N	{–ssup, –tsup, –ttup}, {–ssut, –tsut, –ttut}
oqitsoralaanngu¦aq	N	–up, –it
oqi¦tsoralaannguaq	N	{–ssoralaannguup, –tsoralaannguup, –ttoralaannguup}, {–ssoralaannguit, –tsoralaannguit, –ttoralaannguit}
oqitsorsi¦orpoq	V	–unngilaq
oqi¦tsorsiorpoq	V	{–ssorsiunngilaq, –tsorsiunngilaq, –ttorsiunngilaq}
oqoqarfi¦k	N	–up, –it
oqoqarne¦q	N	–rup, –rit
oqorna¦rpoq	V	–nngilaq
oqornerul¦erpoq	V	–inngilaq
oq¦orpoq	V	–unngilaq
oqorsaalluarne¦q	N	–rup, –rit
oqorsaallua¦rpoq	V	–nngilaq
oqorsaa¦ppaa	V	–tinngilaa
oqorsaas¦erpoq	V	–inngilaq
oqorsaa¦serpoq	V	{–sinngilaq, –tilinngilaq}
oqorsaat	N	–ip, –it
oqorsaataa¦voq	V	–nngilaq
oqorsaatig¦aa	V	–inngilaa
oqorsaatil¦ik	N	{–iup, –lip, –lup}, –lit
oqorsaatissa¦q	N	–p, –t
oqorsaatit	N, pl.	-
oqorsaa¦voq	V	–nngilaq
oqorsa¦rpaa	V	–nngilaa
oqorsa¦rpoq	V	–nngilaq
oqorsarsima¦voq	V	–nngilaq
oqorsi¦voq	V	–nngilaq
oqort¦oq	N	–up, –ut
oqortuinnaa¦voq	V	–nngilaq
oqorunaqaaq	V	(no generation)
oqorunarpallaanngilaq	V	(no generation)
oqoruna¦rpoq	V	–nngilaq
oqorunarsa¦rpoq	V	–nngilaq
oqorunarsi¦voq	V	–nngilaq
oqorus¦erpaa	V	–inngilaa
oqoru¦serpaa	V	{–sinngilaa, –tilinngilaa}
oqorus¦erpoq	V	–inngilaq
oqoru¦serpoq	V	{–sinngilaq, –tilinngilaq}
oqorusers¦orpaa	V	–unngilaa
oqoru¦sersorpaa	V	{–sersunngilaa, –tilersunngilaa}
oqorusers¦orpoq	V	–unngilaq
oqoru¦sersorpoq	V	{–sersunngilaq, –tilersunngilaq}
oqorut	N	–ip, –it
oqorutissia¦q	N	–p, –t
oqorutit	N, pl.	-
oqorutitaa¦rpoq	V	–nngilaq
oqorutsi¦orpoq	V	–unngilaq
oqqaki¦ppoq	V	–nngilaq
oqqanne¦q	N	–rup, –rit
oqqa¦ppaa	V	–tinngilaa
oqqarliorajuppoq	V	(no generation)
oqqarli¦orpoq	V	–unngilaq
oqqarlunne¦q	N	–rup, –rit
oqqarlu¦ppoq	V	–nngilaq
oqqarluttuune¦q	N	–rup, –rit
oqqarluut	N	–ip, –it
oqqarluutaa¦voq	V	–nngilaq
oqqartu¦voq	V	–nngilaq
oqqassaari¦voq	V	–nngilaq
oqqassine¦q	N	–rup, –rit
oqqassi¦voq	V	–nngilaq
oqqaterujoorne¦q	N	–rup, –rit
oqqateruloorpaa	V	(no generation)
oqq¦erpaa	V	–inngilaa
oqqers¦orpaa	V	–unngilaa
oqqersuiffig¦aa	V	–inngilaa
oqqersui¦voq	V	–nngilaq
oqqersuut	N	–ip, –it
oqqersuutaa¦voq	V	–nngilaq
oqqersuutig¦aa	V	–inngilaa
oqqi	N	–p, –t
oqqiffeeru¦ppoq	V	–tinngilaq
oqqiffig¦aa	V	–inngilaa
oqqiffi¦k	N	–up, –it
oqqiffissaaru¦ppoq	V	–tinngilaq
oqqiffissarsi¦orpoq	V	–unngilaq
oqqiffiullua¦rpoq	V	–nngilaq
oqqiisima¦voq	V	–nngilaq
oqqii¦voq	V	–nngilaq
oqqikkiart¦orpoq	V	–unngilaq
oqqiorfi¦k	N	–up, –it
oqqiorfissarsi¦orpoq	V	–unngilaq
oqqioriart¦orpoq	V	–unngilaq
oqqi¦orpoq	V	–unngilaq
oqqi¦ppaa	V	–nngilaa
oqqi¦ppoq	V	–nngilaq
oqqisaa¦rpoq	V	–nngilaq
oqqisimaa¦rpoq	V	–nngilaq
oqqiu¦ppoq	V	–tinngilaq
oqq¦oq	N	–up, –ut
oqqorpaa¦ppaa	V	–tinngilaa
oqqorpaassaane¦q	N	–rup, –rit
oqqorpaassaa¦voq	V	–nngilaq
oqqorpa¦rpoq	V	–nngilaq
oqqorpasi¦ppoq	V	–nngilaq
oqquanni¦ppoq	V	–nngilaq
oqquannisaa¦rpoq	V	–nngilaq
oqqua¦q	N	–p, –t
oqqua¦rpoq	V	–nngilaq
oqquarta¦q	N	–p, –t
oqquart¦oq	N	–up, –ut
oqquassu¦seq	N	–tsip, –tsit
oqquavi¦ppoq	V	–nngilaq
oqquiffi¦k	N	–up, –it
oqquiffissarsi¦orpoq	V	–unngilaq
oqquikkiart¦orpoq	V	–unngilaq
oqqui¦ppaa	V	–nngilaa
oqqui¦ppoq	V	–nngilaq
oqquisartorne¦q	N	–rup, –rit
oqquisart¦orpoq	V	–unngilaq
oqqui¦voq	V	–nngilaq
oqquj¦ooq	N	–uup, –uut
oqqummukaa¦ppaa	V	–tinngilaa
oqqum¦mukaappaa	V	{–mukaatinngilaa, –ukaatinngilaa}
oqqummukaa¦rpoq	V	–nngilaq
oqqum¦mukarpoq	V	{–mukanngilaq, –ukanngilaq}
oqqum¦ukarpoq	V	{–mukanngilaq, –ukanngilaq}
oqqu¦ppaa	V	–tinngilaa
oqqussi¦voq	V	–nngilaq
oqquusimaa¦rpoq	V	–nngilaq
oqquuts¦erpoq	V	–inngilaq
oquerulluinna¦rpoq	V	–nngilaq
oquerullu¦innarpoq	V	{–innanngilaq, –aannanngilaq}
oqueru¦ppoq	V	–tinngilaq
oquerusa¦rpaa	V	–nngilaa
oquffaari¦k	N	–p, –t
oquffaari¦k	N	–up, –it
oquiaat	N	–ip, –it
oquillisa¦rpoq	V	–nngilaq
oquippallaaqaaq	V	(no generation)
oqui¦ppoq	V	–nngilaq
oquit	N, pl.	-
oqu¦k	N	–up, –it
oqul¦ik	N	{–iup, –lip, –lup}, –lit
oqulissuu¦voq	V	–nngilaq
oqulissu¦uvoq	V	{–aanngilaq, –unngilaq}
oqul¦issuuvoq	V	{–ersuaanngilaq, –ersuunngilaq, –issuaanngilaq, –issuunngilaq}
oqumigaarne¦q	N	–rup, –rit
oqumigaa¦rpoq	V	–nngilaq
oqumi¦ppoq	V	–nngilaq
oqumme¦raq	N	–qqap, –qqat
oqummerart¦orpoq	V	–unngilaq
oqummerar¦torpoq	V	{–sunngilaq, –tunngilaq}
oqummerassa¦q	N	–p, –t
oqumm¦erpaa	V	–inngilaa
oqummersa¦q	N	–p, –t
oqummersarpaa	V	(no generation)
oqummersilaa¦rpoq	V	–nngilaq
oqumm¦ersilaarpoq	V	{–ersilaanngilaq, –issilaanngilaq}
oqummersi¦vaa	V	–nngilaa
oqumm¦ersivoq	V	{–ersinngilaq, –issinngilaq}
oqummia¦gaq	N	–kkap, –kkat
oqummiak¦oq	N	–up, –ut
oqummi¦aq	N	–ssap, –ssat
oqummiaqa¦rpoq	V	–nngilaq
oqummiaqatta¦q	N	–p, –t
oqummiarfi¦k	N	–up, –it
oqummia¦rpaa	V	–nngilaa
oqummia¦rpoq	V	–nngilaq
oqummiartuarpaa	V	(no generation)
oqummigassa¦q	N	–p, –t
oqummiss¦erpaa	V	–inngilaa
oqummiss¦erpoq	V	–inngilaq
oqummissers¦orpoq	V	–unngilaq
oqummissinert¦ooq	N	–uup, –uut
oqummissi¦vaa	V	–nngilaa
oqummissi¦voq	V	–nngilaq
oqummiunnia¦rpaa	V	–nngilaa
oqummiu¦ppaa	V	–tinngilaa
oqummiussaa¦voq	V	–nngilaq
oqummiussilaarne¦q	N	–rup, –rit
oqummiussi¦voq	V	–nngilaq
oqunne¦q	N	–rup, –rit
oqunngilaq	V	(no generation)
oqu¦ppoq	V	–tinngilaq
oquss¦erpaa	V	–inngilaa
oqussima¦voq	V	–nngilaq
oqussunni¦ppoq	V	–nngilaq
oqutt¦oq	N	–up, –ut
oquttorsuu¦voq	V	–nngilaq
oquttorsu¦uvoq	V	{–aanngilaq, –unngilaq}
oquutal¦erpoq	V	–inngilaq
oquut¦aq	N	{–ap, –tap}, {–at, –tat}
oquutarsi¦voq	V	–nngilaq
oquutart¦orpoq	V	–unngilaq
oquuts¦erpaa	V	–inngilaa
oquut¦serpaa	V	{–alinngilaa, –sinngilaa}
oquutserpoq	V	(no generation)
oquut¦sersorpaa	V	{–alersunngilaa, –sersunngilaa}
oquutsi¦orpoq	V	–unngilaq
oquutsiu¦ppaa	V	–tinngilaa
oquut¦siuppaa	V	{–aliutinngilaa, –siutinngilaa}
orfaajusaa¦rpoq	V	–nngilaq
orfaa¦voq	V	–nngilaq
orfu¦ppaa	V	–tinngilaa
oriaane¦q	N	–rup, –rit
oriarne¦q	N	–rup, –rit
oria¦rpaa	V	–nngilaa
oriartorfi¦k	N	–up, –it
oriart¦orpaa	V	–unngilaa
oriart¦orpoq	V	–unngilaq
oriorfig¦aa	V	–inngilaa
oriorne¦q	N	–rup, –rit
ori¦orpaa	V	–unngilaa
ori¦orpoq	V	–unngilaq
orissa¦q	N	–p, –t
oriu¦gaq	N	–kkap, –kkat
orleqqa¦ppaa	V	–nngilaa
orleqqassi¦voq	V	–nngilaq
orleqqa¦voq	V	–nngilaq
orl¦erpaa	V	–inngilaa
orl¦erpoq	V	–inngilaq
orlersar¦aa	V	–inngilaa
orlersimane¦q	N	–rup, –rit
orlersima¦voq	V	–nngilaq
orlingaa¦rpoq	V	–nngilaq
orlingasorujussuu¦voq	V	–nngilaq
orlingasorujussu¦uvoq	V	{–aanngilaq, –unngilaq}
orlinga¦voq	V	–nngilaq
orloqqajaas¦oq	N	–up, –ut
orloqqaja¦rpoq	V	–nngilaq
orlugaj¦ooq	N	–uup, –uut
orlugaju¦ppoq	V	–nngilaq
orlugajutt¦oq	N	–up, –ut
orlugaluttuaqaaq	V	(no generation)
orlukula¦voq	V	–nngilaq
orlukuts¦oorpoq	V	–uunngilaq
orlunavianngilaq	V	(no generation)
orlune¦q	N	–rup, –rit
orlunga¦voq	V	–nngilaq
orlusaanna¦rpoq	V	–nngilaq
orlussut	N	–ip, –it
orlussutig¦aa	V	–inngilaa
orluti¦ppaa	V	–nngilaa
orlutitsi¦voq	V	–nngilaq
orlu¦voq	V	–nngilaq
ornakk¦erpoq	V	–inngilaq
ornavaat	N	–ip, –it
ornavaffi¦k	N	–up, –it
ornavaffil¦ik	N	{–iup, –lip, –lup}, –lit
ornava¦ppoq	V	–nngilaq
orneqqu¦aa	V	–nngilaa
orngavaat	N	–ip, –it
orngavaffi¦k	N	–up, –it
orngavaffil¦ik	N	{–iup, –lip, –lup}, –lit
orngava¦ppoq	V	–nngilaq
ornig¦aa	V	–inngilaa
ornigal¦ik	N	{–iup, –lip, –lup}, –lit
orni¦gaq	N	–kkap, –kkat
ornigarneqarlua¦rpoq	V	–nngilaq
ornigarpaat	N, pl.	-
ornigassa¦q	N	–p, –t
ornigina¦rpoq	V	–nngilaq
orniginarti¦ppaa	V	–nngilaa
orniginart¦oq	N	–up, –ut
orniginngilaa	V	(no generation)
ornigisaqanngissu¦seq	N	–tsip, –tsit
ornigisaqanngits¦oq	N	–up, –ut
orniguffi¦k	N	–up, –it
ornigukkumanngilaq	V	(no generation)
ornigunne¦q	N	–rup, –rit
ornigu¦ppoq	V	–tinngilaq
ornigussinnaanngilaq	V	(no generation)
ornigussinnaatitaassut	N	–ip, –it
orniguteqqi¦ppoq	V	–nngilaq
ornigut¦eqqusineq	N	{–eqqusinerup, –seqqusinerup}, {–eqqusinerit, –seqqusinerit}
ornigut¦eqqusissut	N	{–eqqusissutip, –seqqusissutip}, {–eqqusissutit, –seqqusissutit}
orniguteriikata¦ppoq	V	–nngilaq
ornigutilussinna¦rpoq	V	–nngilaq
ornigu¦tipallappoq	V	{–ppallanngilaq, –terpallanngilaq, –tipallanngilaq, –tippallanngilaq, –tsipallanngilaq, –tsippallanngilaq}
ornigutissaa¦rpoq	V	–nngilaq
ornigut¦issaarpoq	V	{–issaanngilaq, –sissaanngilaq}
ornigutissamaa¦rpoq	V	–nngilaq
orniguttarne¦q	N	–rup, –rit
ornigutt¦oq	N	–up, –ut
orniguttutuaa¦voq	V	–nngilaq
ornikkumajunnaarsippaa	V	(no generation)
ornikkumanngilaa	V	(no generation)
ornikkuminaakkaluaqaaq	V	(no generation)
ornikkuminaakkalua¦rpoq	V	–nngilaq
ornikkuminaakkuna¦rpoq	V	–nngilaq
ornikkuminaa¦ppoq	V	–nngilaq
ornilisit	N	–ip, –it
orninneqarsinnaas¦oq	N	–up, –ut
orninngikkallassavaa	V	(no generation)
orninngitsoorpaa	V	(no generation)
orni¦ppaa	V	–nngilaa
ornissa¦vaa	V	–nngilaa
ornit	N, pl.	-
ornita¦q	N	–p, –t
ornitassa¦q	N	–p, –t
ornittaanna¦rpaa	V	–nngilaa
ornittaa¦voq	V	–nngilaq
ornitta¦gaq	N	–kkap, –kkat
orpeqannginnersa¦q	N	–p, –t
orpeqanngits¦oq	N	–up, –ut
orpeqarfi¦k	N	–up, –it
orpeqarne¦q	N	–rup, –rit
orpeqart¦oq	N	–up, –ut
orpigaa¦raq	N	–qqap, –qqat
orpigal¦ik	N	{–iup, –lip, –lup}, –lit
orpigangas¦oq	N	–up, –ut
orpi¦gaq	N	–kkap, –kkat
orpigaqarfi¦k	N	–up, –it
orpigaqa¦rpoq	V	–nngilaq
orpiia¦gaq	N	–kkap, –kkat
orpi¦k	N	{–up, –ngup}, {–it, –ngit}
orpikkat	N, pl.	-
orpiliaa¦raq	N	–qqap, –qqat
orpilianngu¦aq	N	–up, –it
orpilia¦q	N	–p, –t
orpili¦aq	N	–ssap, –ssat
orpiliaqataa¦voq	V	–nngilaq
orpiliarne¦q	N	–rup, –rit
orpilia¦rpoq	V	–nngilaq
orpiliarsu¦aq	N	–up, –it
orpiliassa¦q	N	–p, –t
orpiliassia¦q	N	–p, –t
orpimmiutaania¦q	N	–p, –t
orpimmiut¦aq	N	{–ap, –tap}, {–at, –tat}
orpimmiutarsu¦aq	N	–up, –it
orpinngu¦aq	N	–up, –it
orpinnguarpaa	V	(no generation)
orpinnguarti¦ppoq	V	–nngilaq
orpi¦ppaa	V	{–nngilaa, –tinngilaa}
orpippal¦ik	N	{–iup, –lip, –lup}, –lit
orpippassualerine¦q	N	–rup, –rit
orpippassualia¦rpoq	V	–nngilaq
orpippassual¦ik	N	{–iup, –lip, –lup}, –lit
orpippassuaqangaart¦oq	N	–up, –ut
orpippassuaqanngits¦oq	N	–up, –ut
orpippassuaqarfi¦k	N	–up, –it
orpippassuaqart¦oq	N	–up, –ut
orpippassuit	N, pl.	-
orpissu¦aq	N	–up, –it
orpivi¦k	N	–up, –it
orraalaa¦rpoq	V	–nngilaq
orraane¦q	N	–rup, –rit
orraasaanna¦rpoq	V	–nngilaq
orraasorsu¦uvoq	V	{–aanngilaq, –unngilaq}
orraavallaa¦rpoq	V	–nngilaq
orraa¦voq	V	–nngilaq
orrajaa¦ppoq	V	–nngilaq
orrajaats¦oq	N	–up, –ut
orrajaavi¦ppoq	V	–nngilaq
orrajag¦aa	V	–inngilaa
orrajajua¦rpoq	V	–nngilaq
orrajaqaaq	V	(no generation)
orrajas¦oq	N	–up, –ut
orraja¦voq	V	–nngilaq
orrajoqisaa¦rpoq	V	–nngilaq
orrajoqisaarti¦ppaa	V	–nngilaa
orralla¦ppoq	V	–nngilaq
orrallatsi¦ppaa	V	–nngilaa
orrallatt¦oorpoq	V	–uunngilaq
orrarippallaaqaaq	V	(no generation)
orrari¦ppoq	V	–nngilaq
orrarissi¦voq	V	–nngilaq
orrarlu¦ppoq	V	–nngilaq
orrarluttunng¦orpoq	V	–unngilaq
orroriu¦ppoq	V	–tinngilaq
orru¦ppaa	V	–tinngilaa
orrutig¦aa	V	–inngilaa
orsaalla¦ppoq	V	–nngilaq
orse¦q	N	–rup, –rit
orserfi¦k	N	–up, –it
orserisuu¦voq	V	–nngilaq
ors¦erisuuvoq	V	{–erisuunngilaq, –ulerisuunngilaq}
ors¦erivoq	V	{–erinngilaq, –ulerinngilaq}
ors¦erpaa	V	–inngilaa
ors¦erpoq	V	–inngilaq
orsersaa¦rpoq	V	–nngilaq
orsersorfi¦k	N	–up, –it
orsers¦orpaa	V	–unngilaa
orsers¦orpoq	V	–unngilaq
orsersortarfi¦k	N	–up, –it
orsersuut	N	–ip, –it
orser¦suut	N	{–suutip, –tuutip}, {–suutit, –tuutit}
orsiaat	N	–ip, –it
orsia¦rpoq	V	–nngilaq
orsiartaat	N	–ip, –it
orsiine¦q	N	–rup, –rit
orsii¦voq	V	–nngilaq
orsil¦erpaa	V	–inngilaa
orsil¦ik	N	{–iup, –lip, –lup}, –lit
orsillua¦rpoq	V	–nngilaq
orsinngujui¦ppoq	V	–nngilaq
orsinngu¦voq	V	–nngilaq
orsi¦orpoq	V	–unngilaq
orsiukkumanngilaa	V	(no generation)
orsiu¦ppaa	V	–tinngilaa
orsiut	N	–ip, –it
orsiutit	N, pl.	-
orsivaa¦rpoq	V	–nngilaq
orsivi¦k	N	–up, –it
orsivissu¦aq	N	–up, –it
orsi¦voq	V	–nngilaq
ors¦oq	N	–up, –ut
orsoqarluart¦oq	N	–up, –ut
orsoqart¦oq	N	–up, –ut
orsorasa¦ppoq	V	–nngilaq
orsorasattuinnaa¦voq	V	–nngilaq
orsorsi¦voq	V	–nngilaq
orsortaajaane¦q	N	–rup, –rit
orsortaaja¦rpaa	V	–nngilaa
orsorta¦q	N	–p, –t
Orsort¦ooq	N	–uup, –uut
Orsort¦ooq	Prop	–uup
orsoru¦ppoq	V	–nngilaq
orsoruttaqaaq	V	(no generation)
orsuaasani¦ppoq	V	–nngilaq
orsuaasa¦q	N	–p, –t
orsuaasart¦ooq	N	–uup, –uut
orsuaasat	N, pl.	-
orsualikaa¦q	N	–p, –t
orsualikaarsu¦aq	N	–up, –it
orsualika¦k	N	–ap, –at
orsualikannerit	N, pl.	-
orsualika¦ppoq	V	–nngilaq
orsualika¦rpoq	V	–nngilaq
orsualikattuinnaa¦voq	V	–nngilaq
orsualikk¦erpoq	V	–inngilaq
orsualikkers¦orpoq	V	–unngilaq
orsuannisaa¦q	N	–p, –t
orsuannisaa¦rpoq	V	–nngilaq
orsuarleqi¦voq	V	–nngilaq
orsuarlequt	N	–ip, –it
orsuarlequtissa¦q	N	–p, –t
orsuarl¦erpaa	V	–inngilaa
orsuarni¦ppoq	V	–nngilaq
orsuerlua¦rpoq	V	–nngilaq
orsuerlu¦erpoq	V	–inngilaq
orsuerne¦q	N	–rup, –rit
orsuernia¦q	N	–p, –t
orsuernia¦rpoq	V	–nngilaq
orsuerniart¦oq	N	–up, –ut
orsu¦erpoq	V	–inngilaq
orsuerulluinna¦rpoq	V	–nngilaq
orsuerullu¦innarpoq	V	{–innanngilaq, –aannanngilaq}
orsueru¦ppoq	V	–tinngilaq
orsugasaa¦rpoq	V	–nngilaq
orsugiaajaaffi¦k	N	–up, –it
orsugi¦ak	N	{–aap, –ssap}, {–aat, –ssat}
orsugial¦ik	N	{–iup, –lip, –lup}, –lit
Orsugiassioqatigiit	N, pl.	–it
Orsugiassioqatigiit	Prop, pl.	-
orsugiassiorfi¦k	N	–up, –it
orsugiass¦iorfik	N	{–iorfiup, –aliorfiup}, {–iorfiit, –aliorfiit}
orsugiass¦iorneq	N	{–iornerup, –aliornerup}, {–iornerit, –aliornerit}
orsugiss¦erpoq	V	–inngilaq
orsuiaane¦q	N	–rup, –rit
orsu¦iaaneq	N	{–ajaanerup, –iaanerup}, {–ajaanerit, –iaanerit}
orsuia¦k	N	–ap, –at
orsuial¦ik	N	{–iup, –lip, –lup}, –lit
orsu¦iarpaa	V	{–ajanngilaa, –ianngilaa}
orsui¦k	N	–up, –it
orsuine¦q	N	–rup, –rit
orsuinnaa¦voq	V	–nngilaq
orsuinnanng¦orpoq	V	–unngilaq
orsuis¦orpoq	V	–unngilaq
orsuisuut	N	–ip, –it
orsui¦voq	V	–nngilaq
orsukits¦oq	N	–up, –ut
orsulers¦orpaa	V	–unngilaa
orsuler¦suut	N	{–suutip, –tuutip}, {–suutit, –tuutit}
orsul¦ik	N	{–iup, –lip, –lup}, –lit
orsulissuu¦voq	V	–nngilaq
orsulissu¦uvoq	V	{–aanngilaq, –unngilaq}
orsul¦issuuvoq	V	{–ersuaanngilaq, –ersuunngilaq, –issuaanngilaq, –issuunngilaq}
orsuminaatsi¦aq	N	–up, –it
orsum¦ineq	N	–ernup, –ernit
orsungas¦oq	N	–up, –ut
orsuninne¦q	N	–rup, –rit
orsunna¦ppoq	V	–nngilaq
orsunnattaa¦q	N	–p, –t
orsunng¦erpoq	V	–inngilaq
orsunngu¦voq	V	–nngilaq
orsupalinna¦rpoq	V	–nngilaq
orsupali¦ppoq	V	–nngilaq
orsupalits¦erpaa	V	–inngilaa
orsupalitt¦oq	N	–up, –ut
orsupali¦ttoq	N	{–ssup, –ttup}, {–ssut, –ttut}
orsupalittuinnaa¦voq	V	–nngilaq
orsupali¦ttuinnaavoq	V	{–ssuinnaanngilaq, –ttuinnaanngilaq}
orsussaarniarfi¦k	N	–up, –it
orsussaasivi¦k	N	–up, –it
orsussa¦q	N	–p, –t
orsuus¦erpaa	V	–inngilaa
orsuu¦serpaa	V	{–sinngilaa, –tilinngilaa}
orsuusivi¦k	N	–up, –it
orsuut	N	–ip, –it
orsuutaaru¦ppoq	V	–tinngilaq
orsuutissa¦q	N	–p, –t
orsuutit¦erpaa	V	–inngilaa
orsuutiterutit	N	–ip, –it
orsuu¦voq	V	–nngilaq
orulluffig¦aa	V	–inngilaa
orullug¦aa	V	–inngilaa
orulluig¦aa	V	–inngilaa
orullu¦ppoq	V	–nngilaq
orullussimaarpoq	V	(no generation)
orullut	N	–ip, –it
orulluteqarfissa¦q	N	–p, –t
orulluteqarsinnaatitaane¦q	N	–rup, –rit
orulluteqartarfi¦k	N	–up, –it
orullutig¦aa	V	–inngilaa
orullutiginninne¦q	N	–rup, –rit
orullutiginni¦ppoq	V	–nngilaq
oruluffig¦aa	V	–inngilaa
orulug¦aa	V	–inngilaa
orulugajutt¦oq	N	–up, –ut
orulune¦q	N	–rup, –rit
orulusarfi¦k	N	–up, –it
orulusa¦rpaa	V	–nngilaa
orulussut	N	–ip, –it
orulussut	N, pl.	-
oruluti¦ppaa	V	–nngilaa
orulut¦ooq	N	–uup, –uut
oruluut	N	–ip, –it
oruluutaa¦voq	V	–nngilaq
oruluutig¦aa	V	–inngilaa
orulu¦voq	V	–nngilaq
orun¦eerpaa	V	–iinngilaa
oruners¦orpoq	V	–unngilaq
orunit	N	–ip, –it
orunit¦orpoq	V	–unngilaq
oruu¦ppaa	V	–tinngilaa
oruussi¦voq	V	–nngilaq
